quarantined,post_id,subreddit,author,timestamp,type,domain,title,score,comments_count,link,comments
False,thing_t3_r8b2t5,propaganda,ExtHD,1638571702000,link,geopolitics.co,"The NATOstan Clown Show - UKUS, which de facto controls the Five Eyes spy scam, excels only in propaganda. So in the end it’s up to the CIA/MI6 intel axis and their vast network of media chihuahuas to accelerate Fear and Loathing ad infinitum.",0,0,https://geopolitics.co/2021/11/30/the-natostan-clown-show/,https://old.reddit.com/r/propaganda/comments/r8b2t5/the_natostan_clown_show_ukus_which_de_facto/
False,thing_t3_r82n7c,propaganda,SovereignMan,1638548062000,video,youtube.com,The continuing fight against 9/11 propaganda: The Unspeakable (2021) | Full Movie,2,0,https://www.youtube.com/watch?v=11RwCm_OaGc,https://old.reddit.com/r/propaganda/comments/r82n7c/the_continuing_fight_against_911_propaganda_the/
False,thing_t3_r7op7y,propaganda,ExtHD,1638500596000,link,moonofalabama.org,The 'Missing' Star Athlete Peng Shuai Is Not Missing At All - The New York Times has falsely claimed that the Chinese tennis player Peng Shuai accused her former lover of sexual assault. She did not do that.,0,1,https://www.moonofalabama.org/2021/12/the-missing-star-athlete-peng-shuai-is-not-missing-at-all.html,https://old.reddit.com/r/propaganda/comments/r7op7y/the_missing_star_athlete_peng_shuai_is_not/
False,thing_t3_r7jmp0,propaganda,ExtHD,1638485633000,link,news.antiwar.com,"Israel Is Spreading Lies to 'Poison' Nuclear Deal Talks - Without evidence, Israel has claimed Iran has plans to enrich uranium at 90%",0,1,https://news.antiwar.com/2021/12/01/iran-says-israel-is-spreading-lies-to-poison-nuclear-deal-talks/,https://old.reddit.com/r/propaganda/comments/r7jmp0/israel_is_spreading_lies_to_poison_nuclear_deal/
False,thing_t3_r6fhv5,propaganda,WokePokeBowl,1638367534000,video,youtube.com,"46 seconds to prove flagrant media disinformation. Not misinformation, disinformation. ""He broke his leg while walking in a parade.""",14,11,https://www.youtube.com/watch?v=O3wUlUySXiM,https://old.reddit.com/r/propaganda/comments/r6fhv5/46_seconds_to_prove_flagrant_media_disinformation/
False,thing_t3_r64jy7,propaganda,ExtHD,1638327154000,link,townhall.com,"The Incredible, Vanishing National News Story in Waukesha - Once details began to emerge, and the alleged perpetrator was identified, the big media machine ground to a halt, and the would-be deluge was reduced to a trickle.",5,1,https://townhall.com/tipsheet/guybenson/2021/11/29/the-incredible-vanishing-national-news-story-in-waukesha-n2599755,https://old.reddit.com/r/propaganda/comments/r64jy7/the_incredible_vanishing_national_news_story_in/
False,thing_t3_r61zro,propaganda,ExtHD,1638319216000,link,clarion.causeaction.com,A Tale of Two Cities: Kenosha vs. Waukesha,0,0,https://clarion.causeaction.com/2021/11/29/a-tale-of-two-cities-kenosha-vs-waukesha/,https://old.reddit.com/r/propaganda/comments/r61zro/a_tale_of_two_cities_kenosha_vs_waukesha/
False,thing_t3_r5yuz0,propaganda,ExtHD,1638310248000,link,consentfactory.org,"Pathologized Totalitarianism 101 - Despite the most intensive propaganda campaign in the history of propaganda campaigns, there remain enough of us who steadfastly refuse to accept the “New Normal” as our new reality.",2,1,https://consentfactory.org/2021/11/22/pathologized-totalitarianism-101/,https://old.reddit.com/r/propaganda/comments/r5yuz0/pathologized_totalitarianism_101_despite_the_most/
False,thing_t3_r5z8or,propaganda,ExtHD,1638311296000,link,original.antiwar.com,The Usual Suspects Are Trying to Foment a Crisis With Russia - Kiev’s propaganda offensive escalated dramatically on November 20,0,0,https://original.antiwar.com/ted_galen_carpenter/2021/11/29/the-usual-suspects-are-trying-to-foment-a-crisis-with-russia/,https://old.reddit.com/r/propaganda/comments/r5z8or/the_usual_suspects_are_trying_to_foment_a_crisis/
False,thing_t3_r51qx5,propaganda,IntnsRed,1638209347000,link,consortiumnews.com,‘Believing the Propaganda That the Government Follows the Law’ | Whistleblower David McBride faces life in prison for revealing war crimes in Afghanistan to the media. Watch his story here.,19,0,https://consortiumnews.com/2021/11/29/watch-believing-the-propaganda-that-the-government-follows-the-law/,https://old.reddit.com/r/propaganda/comments/r51qx5/believing_the_propaganda_that_the_government/
False,thing_t3_r54tao,propaganda,ExtHD,1638217658000,image,i.redd.it,Who do you believe now?,8,14,https://i.redd.it/4vynpfzra7281.jpg,https://old.reddit.com/r/propaganda/comments/r54tao/who_do_you_believe_now/
False,thing_t3_r51d20,propaganda,SovereignMan,1638208311000,link,archive.md,For those of you that are skeptical after 20 years of propaganda about 9/11 this may be of interest,7,4,https://archive.md/Z4206#selection-323.0-323.65,https://old.reddit.com/r/propaganda/comments/r51d20/for_those_of_you_that_are_skeptical_after_20/
False,thing_t3_r580sf,propaganda,ExtHD,1638226518000,link,themarketholders.com,Fake News Media Claims 5X Increase in Healthy World-Class Athletes Who Suddenly Collapse Holding Their Chest is Just a “Coincidence” and Nothing to “Panic” Over,1,4,https://themarketholders.com/2021/11/29/fake-news-media-claims-5x-increase-in-healthy-world-class-athletes-who-suddenly-collapse-holding-their-chest-is-just-a-coincidence-and-nothing-to-panic-over/,https://old.reddit.com/r/propaganda/comments/r580sf/fake_news_media_claims_5x_increase_in_healthy/
False,thing_t3_r562ej,propaganda,ExtHD,1638221048000,link,original.antiwar.com,A CIA and Pentagon Production,0,0,https://original.antiwar.com/Ted_Snider/2021/11/28/a-cia-and-pentagon-production/,https://old.reddit.com/r/propaganda/comments/r562ej/a_cia_and_pentagon_production/
False,thing_t3_r55yal,propaganda,ExtHD,1638220741000,link,dissidentvoice.org,US Brings Democracy,0,0,https://dissidentvoice.org/2021/11/us-brings-democracy/,https://old.reddit.com/r/propaganda/comments/r55yal/us_brings_democracy/
False,thing_t3_r541a1,propaganda,IntnsRed,1638215583000,link,dissidentvoice.org,"Right away, the Australian 60 Minutes Youtube video titled “Prepare for Armageddon: China’s warning to the world” signals a polemic against China. The video’s opening backdrop features chairman Xi Jinping with a slightly raised fist flanked by a jet, tank, and a battery of missiles.",0,1,https://dissidentvoice.org/2021/11/banging-war-drums-down-under-on-the-china-threat/#more-123814,https://old.reddit.com/r/propaganda/comments/r541a1/right_away_the_australian_60_minutes_youtube/
False,thing_t3_r53enw,propaganda,HairlessApe,1638213871000,link,babylonbee.com,Media Frantically Prepares Exciting New News Stories In Hopes Of Making Everyone Forget About Waukesha Terrorist Attack (Satire),0,0,https://babylonbee.com/news/media-frantically-prepares-exciting-new-news-stories-in-hopes-of-making-everyone-forget-about-waukesha-terrorist-attack,https://old.reddit.com/r/propaganda/comments/r53enw/media_frantically_prepares_exciting_new_news/
False,thing_t3_r4j05l,propaganda,ExtHD,1638146572000,link,greenwald.substack.com,"The Cynical and Dangerous Weaponization of the ""White Supremacist"" Label - In dominant elite discourse, no evidence is needed to brand someone a ""white supremacist."" The belief that it will produce political or personal gain suffices.",0,18,https://greenwald.substack.com/p/the-cynical-and-dangerous-weaponization?token=eyJ1c2VyX2lkIjoyODUxMjc5OSwicG9zdF9pZCI6NDQ2MDg3OTgsIl8iOiI4cElicSIsImlhdCI6MTYzODAzNjE1OCwiZXhwIjoxNjM4MDM5NzU4LCJpc3MiOiJwdWItMTI4NjYyIiwic3ViIjoicG9zdC1yZWFjdGlvbiJ9.6ig5TT0bU6-3mH9m_mk_05FWL1tYFuOuJK2V4d4TsHY,https://old.reddit.com/r/propaganda/comments/r4j05l/the_cynical_and_dangerous_weaponization_of_the/
False,thing_t3_r4ch1v,propaganda,ExtHD,1638128453000,link,dissidentvoice.org,"The Tribal Left's a Mirror Image of the Tribal Right - In societies bombarded with propaganda that gets ever more sophisticated as software and algorithms learn through billions of tiny mind experiments how to trigger us, arouse us, incentivise us – it is extraordinarily hard to think clearly.",0,4,https://dissidentvoice.org/2021/11/the-tribal-lefts-a-mirror-image-of-the-tribal-right/,https://old.reddit.com/r/propaganda/comments/r4ch1v/the_tribal_lefts_a_mirror_image_of_the_tribal/
False,thing_t3_r3lwth,propaganda,No-Writing-2865,1638044207000,text,,"If you found out that all big pop hits and their music videos have been written by the same person, would you consider that propaganda?",11,8,,https://old.reddit.com/r/propaganda/comments/r3lwth/if_you_found_out_that_all_big_pop_hits_and_their/
False,thing_t3_r3sis1,propaganda,ExtHD,1638063400000,link,news.antiwar.com,Ethiopia Warns US Against 'Spreading False Information' About War,0,0,https://news.antiwar.com/2021/11/25/ethiopia-warns-us-against-spreading-false-information-about-war/,https://old.reddit.com/r/propaganda/comments/r3sis1/ethiopia_warns_us_against_spreading_false/
False,thing_t3_r3s2kg,propaganda,ExtHD,1638062048000,link,off-guardian.org,"“The Omicron Variant” – Magic pills, or solving the Africa problem? - The Guardian has done a handy “here’s all the bullshit we’re gonna sell you over the next couple of weeks” guide",1,6,https://off-guardian.org/2021/11/27/the-omicron-variant-magic-pills-or-solving-the-africa-problem/,https://old.reddit.com/r/propaganda/comments/r3s2kg/the_omicron_variant_magic_pills_or_solving_the/
False,thing_t3_r3dq7q,propaganda,Just_Smith,1638020279000,text,,Weekly Propaganda Round-Up (2021-11-27),5,5,,https://old.reddit.com/r/propaganda/comments/r3dq7q/weekly_propaganda_roundup_20211127/
False,thing_t3_r33kqa,propaganda,IntnsRed,1637981774000,link,covertactionmagazine.com,Prestigious Weaponry Expert Censored After Demonstrating that a Deadly Poison Gas Attack—Blamed on the Syrian Gov't—Was Really a False-Flag Operation by U.S.-Funded Terrorists,12,0,https://covertactionmagazine.com/2021/11/22/prestigious-weaponry-expert-censored-after-demonstrating-that-a-deadly-poison-gas-attack-blamed-on-the-syrian-government-was-really-a-false-flag-operation-by-u-s-funded-terrorists/,https://old.reddit.com/r/propaganda/comments/r33kqa/prestigious_weaponry_expert_censored_after/
False,thing_t3_r34bd3,propaganda,Heel74,1637984112000,link,self.FightingFakeNews,South Africa Medical Chief Says New COVID Mutation Has Only Produced “Very Mild Cases”,9,0,https://old.reddit.com/r/FightingFakeNews/comments/r2wmj3/south_africa_medical_chief_says_new_covid/,https://old.reddit.com/r/propaganda/comments/r34bd3/south_africa_medical_chief_says_new_covid/
False,thing_t3_r30o59,propaganda,ExtHD,1637972546000,link,caitlinjohnstone.com,Efforts To Groom Us For War With China Are Getting More Forceful,9,2,https://caitlinjohnstone.com/2021/11/25/efforts-to-groom-us-for-war-with-china-are-getting-more-forceful/,https://old.reddit.com/r/propaganda/comments/r30o59/efforts_to_groom_us_for_war_with_china_are/
False,thing_t3_r34v5j,propaganda,IntnsRed,1637985899000,link,thehill.com,"Headline: ""America must prepare for war with China over Taiwan"" -- US mass media is ramping up its propaganda",0,6,https://thehill.com/opinion/national-security/582767-america-must-prepare-for-war-with-china-over-taiwan,https://old.reddit.com/r/propaganda/comments/r34v5j/headline_america_must_prepare_for_war_with_china/
False,thing_t3_r2c9q4,propaganda,ExtHD,1637892445000,link,dailywire.com,WaPo Roasted After Tweeting ‘Waukesha Tragedy Caused By An SUV’,8,10,https://www.dailywire.com/news/wapo-roasted-after-tweeting-waukesha-tragedy-caused-by-an-suv,https://old.reddit.com/r/propaganda/comments/r2c9q4/wapo_roasted_after_tweeting_waukesha_tragedy/
False,thing_t3_r1jn0j,propaganda,ExtHD,1637800926000,link,invexnews.com,US-NATO Drums of War: From ‘Saddam’s WMDs’ to ‘Russia Is Preparing to Invade Ukraine’. Familiar “Regime Change” Propaganda Now Targets Moscow,2,1,http://www.invexnews.com/item-605475-us-nato-drums-of-war-from-saddam-s-wmds,https://old.reddit.com/r/propaganda/comments/r1jn0j/usnato_drums_of_war_from_saddams_wmds_to_russia/
False,thing_t3_r0ua01,propaganda,Monkomatic2,1637721677000,text,,How news propaganda incited a riot,21,4,,https://old.reddit.com/r/propaganda/comments/r0ua01/how_news_propaganda_incited_a_riot/
False,thing_t3_r1he5r,propaganda,ExtHD,1637794115000,link,survivalmagazine.org,CNN’s Up to Its Old Tricks… Lightens Skin Color of Waukesha BLM-Supporting Christmas Parade Killer,0,1,https://survivalmagazine.org/news/cnns-up-to-its-old-tricks-lightens-skin-color-of-waukesha-blm-supporting-christmas-parade-killer/,https://old.reddit.com/r/propaganda/comments/r1he5r/cnns_up_to_its_old_tricks_lightens_skin_color_of/
False,thing_t3_r0ois4,propaganda,ExtHD,1637704932000,link,austrian.economicblogs.org,"In Memory Of JFK: The First US President To Be Labeled A Terrorist & Threat To National Security - Two days before Kennedy’s assassination, a hate-Kennedy handbill was circulated in Dallas accusing the president of treasonous activities including being a communist sympathizer.",5,0,https://austrian.economicblogs.org/zerohedge/2021/durden-memory-jfk-president-terrorist-threat-national-security/,https://old.reddit.com/r/propaganda/comments/r0ois4/in_memory_of_jfk_the_first_us_president_to_be/
False,thing_t3_r0ryvq,propaganda,SoapSalesmanPST,1637714734000,link,rainershea.com,Neoliberal misery & its destabilizing consequences (discusses media’s propaganda about the “Wuhan lab leak”),3,0,https://rainershea.com/f/neoliberal-misery-its-destabilizing-consequences,https://old.reddit.com/r/propaganda/comments/r0ryvq/neoliberal_misery_its_destabilizing_consequences/
False,thing_t3_r0uiw6,propaganda,ExtHD,1637722437000,link,rt.com,Mob rule: How the racial unrest blighting America is being fueled - The mainstream media’s warped support for ‘progressive’ firestarters rather than firefighters lies behind much of the violence.,0,0,https://www.rt.com/op-ed/541061-unrest-us-violence-firestarters/,https://old.reddit.com/r/propaganda/comments/r0uiw6/mob_rule_how_the_racial_unrest_blighting_america/
False,thing_t3_r0y3kz,propaganda,deperrucha,1637733957000,image,i.redd.it,Moroccan far right dictatorship propaganda,0,12,https://i.redd.it/ylwg5jmicf181.jpg,https://old.reddit.com/r/propaganda/comments/r0y3kz/moroccan_far_right_dictatorship_propaganda/
False,thing_t3_r0njru,propaganda,ExtHD,1637702311000,link,off-guardian.org,"Pathologized Totalitarianism 101 – ""The roll-out of the New Normal will fail if it is perceived as political. It relies on our inability to see it as what it is. So it hides itself and the violence it perpetrates within a pseudo-medical official narrative...""",3,0,https://off-guardian.org/2021/11/23/pathologized-totalitarianism-101/,https://old.reddit.com/r/propaganda/comments/r0njru/pathologized_totalitarianism_101_the_rollout_of/
False,thing_t3_r0n5cm,propaganda,ExtHD,1637701237000,link,consortiumnews.com,A Chorus of Misinformation About US Employment,0,0,https://consortiumnews.com/2021/11/22/a-chorus-of-misinformation-about-us-employment/,https://old.reddit.com/r/propaganda/comments/r0n5cm/a_chorus_of_misinformation_about_us_employment/
False,thing_t3_r0kfub,propaganda,IntnsRed,1637694039000,link,wsws.org,From “Corgi killers” to a “kidnapped” tennis player: Anti-China agitation escalates | This affair has become a toxic combination of the methods of the #MeToo movement and the escalating aggression by the United States toward China.,1,7,https://www.wsws.org/en/articles/2021/11/23/peng-n23.html,https://old.reddit.com/r/propaganda/comments/r0kfub/from_corgi_killers_to_a_kidnapped_tennis_player/
False,thing_t3_qzwfmt,propaganda,ExtHD,1637616682000,image,i.redd.it,Misleading Titles,20,13,https://i.redd.it/g1gm75yaq3181.jpg,https://old.reddit.com/r/propaganda/comments/qzwfmt/misleading_titles/
False,thing_t3_qzv5lo,propaganda,HairlessApe,1637613434000,link,babylonbee.com,"Waukesha Police: 'This Wasn't Terrorism, This Was Simply The Unlawful Use Of Violence And Intimidation, Especially Against Civilians, Usually In The Pursuit Of Political Aims' (Satire)",10,1,https://babylonbee.com/news/waukesha-police-this-wasnt-terrorism-this-was-simply-the-unlawful-use-of-violence-and-intimidation-especially-against-civilians-usually-in-the-pursuit-of-political-aims,https://old.reddit.com/r/propaganda/comments/qzv5lo/waukesha_police_this_wasnt_terrorism_this_was/
False,thing_t3_qzxxnl,propaganda,ExtHD,1637620617000,link,off-guardian.org,Open letter to the “Good German” inside of you,4,0,https://off-guardian.org/2021/11/22/open-letter-to-the-good-german-inside-of-you/,https://old.reddit.com/r/propaganda/comments/qzxxnl/open_letter_to_the_good_german_inside_of_you/
False,thing_t3_qzvnc1,propaganda,HairlessApe,1637614710000,link,genesiustimes.com,CNN: Austere musician mostly peacefully plows down 5 in Christmas parade (Satire),4,1,https://genesiustimes.com/cnn-austere-musician-mostly-peacefully-plows-down-5-in-christmas-parade/,https://old.reddit.com/r/propaganda/comments/qzvnc1/cnn_austere_musician_mostly_peacefully_plows_down/
False,thing_t3_r03q2j,propaganda,ExtHD,1637638068000,link,armstrongeconomics.com,Journalists Fleeing Mainstream Media,1,0,https://www.armstrongeconomics.com/world-news/press/journalists-fleeing-mainstream-media/,https://old.reddit.com/r/propaganda/comments/r03q2j/journalists_fleeing_mainstream_media/
False,thing_t3_qzypdf,propaganda,ExtHD,1637622749000,link,survivalmagazine.org,Fake News Media Downplays Christmas Parade Massacre,0,8,https://survivalmagazine.org/news/fake-news-media-downplays-christmas-parade-massacre-claims-killer-darrell-brooks-fleeing-a-knife-fight-before-plowing-over-40-people/,https://old.reddit.com/r/propaganda/comments/qzypdf/fake_news_media_downplays_christmas_parade/
False,thing_t3_qzy91y,propaganda,ExtHD,1637621517000,link,oneworld.press,Russia Wisely Avoided The Media’s Manipulative Pan-Turkism Provocation,2,0,http://oneworld.press/?module=articles&action=view&id=2323,https://old.reddit.com/r/propaganda/comments/qzy91y/russia_wisely_avoided_the_medias_manipulative/
False,thing_t3_qzxmla,propaganda,ExtHD,1637619792000,link,mises.org,Kyle Rittenhouse: The Media's Assault on the Rights of the Accused,0,0,https://mises.org/wire/kyle-rittenhouse-medias-assault-rights-accused,https://old.reddit.com/r/propaganda/comments/qzxmla/kyle_rittenhouse_the_medias_assault_on_the_rights/
False,thing_t3_qzycb3,propaganda,ExtHD,1637621774000,link,oneworld.press,Exposing The Terrorizing Intentions Of The US' Latest Anti-Ethiopian Fearmongering,1,0,http://oneworld.press/?module=articles&action=view&id=2324,https://old.reddit.com/r/propaganda/comments/qzycb3/exposing_the_terrorizing_intentions_of_the_us/
False,thing_t3_qz5a4q,propaganda,IntnsRed,1637531232000,link,covertactionmagazine.com,“Limited Hangouts:” Western Intellectuals Whitewash Horrific Crimes of CIA Asset Paul Kagame,11,1,https://covertactionmagazine.com/2021/11/11/limited-hangouts-western-intellectuals-whitewash-horrific-crimes-of-cia-asset-paul-kagame/,https://old.reddit.com/r/propaganda/comments/qz5a4q/limited_hangouts_western_intellectuals_whitewash/
False,thing_t3_qyygeo,propaganda,Just_Smith,1637511919000,text,,Weekly Propaganda Round-up (2021-11-21),3,11,,https://old.reddit.com/r/propaganda/comments/qyygeo/weekly_propaganda_roundup_20211121/
False,thing_t3_qz8nbz,propaganda,ExtHD,1637541206000,image,i.redd.it,If the media did their job correctly we all would have known this!,0,19,https://i.redd.it/7qyrpba5j0181.jpg,https://old.reddit.com/r/propaganda/comments/qz8nbz/if_the_media_did_their_job_correctly_we_all_would/
False,thing_t3_qypbq6,propaganda,ExtHD,1637477653000,link,rt.com,How Bill Gates bankrolls the media outlet that claims it’s not backed by billionaires,1,0,https://www.rt.com/op-ed/540780-guardian-funding-billionaires/,https://old.reddit.com/r/propaganda/comments/qypbq6/how_bill_gates_bankrolls_the_media_outlet_that/
False,thing_t3_qycfi9,propaganda,ExtHD,1637435358000,link,oneworld.press,Chaos In Eastern Europe Doesn’t Serve Putin’s Interests Unlike What CNN Claims,7,2,http://oneworld.press/?module=articles&action=view&id=2321,https://old.reddit.com/r/propaganda/comments/qycfi9/chaos_in_eastern_europe_doesnt_serve_putins/
False,thing_t3_qyenap,propaganda,ExtHD,1637441899000,link,usatoday.com,"From Kenosha riots to Kyle Rittenhouse trial, biased media coverage makes everyone angrier",5,1,https://www.usatoday.com/story/opinion/2021/11/19/kyle-rittenhouse-verdict-not-guilty-trial-media-bias/8686176002/,https://old.reddit.com/r/propaganda/comments/qyenap/from_kenosha_riots_to_kyle_rittenhouse_trial/
False,thing_t3_qyc2hn,propaganda,ExtHD,1637434323000,link,responsiblestatecraft.org,Anne Applebaum is peddling a democracy trope that no one is buying,4,1,https://responsiblestatecraft.org/2021/11/19/anne-applebaum-is-peddling-a-democracy-trope-and-no-one-is-buying-it/?utm_source=feedly&utm_medium=rss&utm_campaign=anne-applebaum-is-peddling-a-democracy-trope-and-no-one-is-buying-it,https://old.reddit.com/r/propaganda/comments/qyc2hn/anne_applebaum_is_peddling_a_democracy_trope_that/
False,thing_t3_qy5vl5,propaganda,Just_Smith,1637415860000,image,i.imgur.com,Propaganda? Here?? Preposterous!,10,16,https://i.imgur.com/ApQyiiy.png,https://old.reddit.com/r/propaganda/comments/qy5vl5/propaganda_here_preposterous/
False,thing_t3_qyg44l,propaganda,ExtHD,1637446285000,link,yournews.com,"UK News Publication 'The Independent' Claims Kyle Rittenhouse Shot ""Three Black Men""",1,1,https://yournews.com/2021/11/19/2255457/fact-check-false-uk-news-publication-claims-kyle-rittenhouse-shot/,https://old.reddit.com/r/propaganda/comments/qyg44l/uk_news_publication_the_independent_claims_kyle/
False,thing_t3_qyazmx,propaganda,HairlessApe,1637431203000,link,babylonbee.com,Media Warns Thousands Of Americans Planning To Cross State Lines To Celebrate Thanksgiving (Satire),2,11,https://babylonbee.com/news/experts-warn-thousands-of-trump-supporters-may-cross-state-lines-to-attend-thanksgiving-dinner,https://old.reddit.com/r/propaganda/comments/qyazmx/media_warns_thousands_of_americans_planning_to/
False,thing_t3_qxquxl,propaganda,ExtHD,1637359860000,link,taibbi.substack.com,The Rittenhouse Verdict is Only Shocking if You Followed the Last Year of Terrible Reporting,16,0,https://taibbi.substack.com/p/the-rittenhouse-verdict-is-only-shocking?r=5mz1&utm_campaign=post&utm_medium=web&utm_source=twitter,https://old.reddit.com/r/propaganda/comments/qxquxl/the_rittenhouse_verdict_is_only_shocking_if_you/
False,thing_t3_qxs9j8,propaganda,ExtHD,1637364221000,link,moonofalabama.org,New York Times Invents 'Sexual Assault' #MeToo Case To Blame China,4,0,https://www.moonofalabama.org/2021/11/new-york-times-invents-sexual-assault-case-to-blame-china.html,https://old.reddit.com/r/propaganda/comments/qxs9j8/new_york_times_invents_sexual_assault_metoo_case/
False,thing_t3_qxycwf,propaganda,mister-science,1637384751000,link,vilemaxims.com,I made a website debunking a bunch of right-wing propaganda. Let me know what you think.,0,6,https://vilemaxims.com/,https://old.reddit.com/r/propaganda/comments/qxycwf/i_made_a_website_debunking_a_bunch_of_rightwing/
False,thing_t3_qxj3ob,propaganda,ANewMythos,1637337223000,link,thedrive.com,Top Gun: Maverick's Massive Support From The U.S. Military Is Laid Out In These Documents,6,3,https://www.thedrive.com/the-war-zone/43168/top-gun-2s-extensive-support-from-the-u-s-military-is-all-laid-out-in-these-documents,https://old.reddit.com/r/propaganda/comments/qxj3ob/top_gun_mavericks_massive_support_from_the_us/
False,thing_t3_qxv38t,propaganda,ExtHD,1637373496000,link,lexico.com,"Let's be clear. Contrary to what MSM propaganda tells you, the people Kyle Rittenhouse shot weren't 'protesters'. They weren't even 'rioters'. They were, by definition, TERRORISTS ... pure and simple.",0,5,https://www.lexico.com/en/definition/terrorist,https://old.reddit.com/r/propaganda/comments/qxv38t/lets_be_clear_contrary_to_what_msm_propaganda/
False,thing_t3_qxxcbj,propaganda,ExtHD,1637381013000,link,grrrgraphics.com,Corporate media covers the Rittenhouse tial,0,0,https://grrrgraphics.com/wp-content/uploads/2021/11/rittenhouse-trial-by-media-1536x1124.jpg,https://old.reddit.com/r/propaganda/comments/qxxcbj/corporate_media_covers_the_rittenhouse_tial/
False,thing_t3_qxqjdz,propaganda,HairlessApe,1637358896000,link,babylonbee.com,Media Found Guilty On All Counts (Satire... or not),1,0,https://babylonbee.com/news/media-found-guilty-on-all-counts,https://old.reddit.com/r/propaganda/comments/qxqjdz/media_found_guilty_on_all_counts_satire_or_not/
False,thing_t3_qx3ibu,propaganda,ExtHD,1637280897000,link,summit.news,Media Declares ‘Climate Lockdowns’ a “Conspiracy Theory” as India Prepares to Impose Climate Lockdown,9,1,https://summit.news/2021/11/17/media-declares-climate-lockdowns-a-conspiracy-theory-as-india-prepares-to-impose-climate-lockdown/,https://old.reddit.com/r/propaganda/comments/qx3ibu/media_declares_climate_lockdowns_a_conspiracy/
False,thing_t3_qx2r22,propaganda,ExtHD,1637278558000,link,alt-market.us,"""[W]e find that the Kyle Rittenhouse trial... has beyond anything else revealed a vicious intention by the establishment to bring back the oppression of the Star Chamber through the media manipulated court of public opinion, mob rule as well as violations of well established constitutional law.""",5,11,https://alt-market.us/the-rittenhouse-case-proves-the-establishment-wants-to-bring-back-star-chamber-tyranny/,https://old.reddit.com/r/propaganda/comments/qx2r22/we_find_that_the_kyle_rittenhouse_trial_has/
False,thing_t3_qwd7l1,propaganda,ExtHD,1637195624000,link,paulcraigroberts.org,"In the Western world, journalism has been replaced by the Ministry of Propaganda",24,9,https://www.paulcraigroberts.org/2021/11/17/in-the-western-world-journalism-has-been-replaced-by-the-ministry-of-propaganda/,https://old.reddit.com/r/propaganda/comments/qwd7l1/in_the_western_world_journalism_has_been_replaced/
False,thing_t3_qwfara,propaganda,ExtHD,1637202145000,link,whatreallyhappened.com,CBS Insider Brett Mauser EXPOSES Internal Training ‘Stop Thinking in Terms of Objective Journalism’,9,1,https://www.whatreallyhappened.com/?q=node/1027250,https://old.reddit.com/r/propaganda/comments/qwfara/cbs_insider_brett_mauser_exposes_internal/
False,thing_t3_qwb7wc,propaganda,ExtHD,1637189720000,link,nationandstate.com,Reuters Ratio'd Into Oblivion After Fact Check Fail Defending Bill Gates,2,2,https://www.nationandstate.com/2021/11/17/reuters-ratiod-into-oblivion-after-fact-check-fail-defending-bill-gates/,https://old.reddit.com/r/propaganda/comments/qwb7wc/reuters_ratiod_into_oblivion_after_fact_check/
False,thing_t3_qwdr7e,propaganda,ExtHD,1637197294000,link,rt.com,Rittenhouse judge: Media coverage of trial ‘irresponsible’ and ‘frightening’,2,2,https://www.rt.com/usa/540572-rittenhouse-judge-media-coverage/,https://old.reddit.com/r/propaganda/comments/qwdr7e/rittenhouse_judge_media_coverage_of_trial/
False,thing_t3_qw78qa,propaganda,ExtHD,1637178212000,link,spiked-online.com,The myth of Russian aggression,2,1,https://www.spiked-online.com/2021/11/16/the-myth-of-russian-aggression/,https://old.reddit.com/r/propaganda/comments/qw78qa/the_myth_of_russian_aggression/
False,thing_t3_qwar36,propaganda,ExtHD,1637188336000,link,thedailybell.com,COVID Propaganda Roundup: Ultra-Cringe Children’s Edition,0,1,https://www.thedailybell.com/all-articles/news-analysis/covid-propaganda-roundup-ultra-cringe-childrens-edition/,https://old.reddit.com/r/propaganda/comments/qwar36/covid_propaganda_roundup_ultracringe_childrens/
False,thing_t3_qw715f,propaganda,ExtHD,1637177614000,link,americanthinker.com,"Lies, Half-Truths, and Misinformation Used to Sell the Covid Jab",1,1,https://www.americanthinker.com/articles/2021/11/lies_halftruths_and_misinformation_used_to_sell_the_covid_jab.html,https://old.reddit.com/r/propaganda/comments/qw715f/lies_halftruths_and_misinformation_used_to_sell/
False,thing_t3_qvq2up,propaganda,IntnsRed,1637120398000,link,nbcnews.com,"America caused tragedy in Afghanistan. In the Hollywood version, it will be the hero.",16,1,https://www.nbcnews.com/think/opinion/movie-afghanistan-exit-channing-tatum-tom-hardy-insult-afghans-ncna1283924,https://old.reddit.com/r/propaganda/comments/qvq2up/america_caused_tragedy_in_afghanistan_in_the/
False,thing_t3_qvefpq,propaganda,ExtHD,1637087173000,link,original.antiwar.com,The Press as the War Machine's Ally,7,0,https://original.antiwar.com/ted_galen_carpenter/2021/11/15/the-press-as-the-war-machines-ally/,https://old.reddit.com/r/propaganda/comments/qvefpq/the_press_as_the_war_machines_ally/
False,thing_t3_qvkp6j,propaganda,BlankVerse,1637103764000,link,latimes.com,What Facebook knew about its Latino-aimed disinformation problem,3,0,https://www.latimes.com/business/technology/story/2021-11-16/facebook-struggled-with-disinformation-targeted-at-latinos-leaked-documents-show,https://old.reddit.com/r/propaganda/comments/qvkp6j/what_facebook_knew_about_its_latinoaimed/
False,thing_t3_quyetu,propaganda,ExtHD,1637033701000,link,caitlinjohnstone.com,Australian War Propaganda Keeps Getting Crazier,5,1,https://caitlinjohnstone.com/2021/11/16/australian-war-propaganda-keeps-getting-crazier/,https://old.reddit.com/r/propaganda/comments/quyetu/australian_war_propaganda_keeps_getting_crazier/
False,thing_t3_qum20q,propaganda,Just_Smith,1636998527000,text,,Weekly Propaganda Round-up: formatting and presentation ideas,5,3,,https://old.reddit.com/r/propaganda/comments/qum20q/weekly_propaganda_roundup_formatting_and/
False,thing_t3_quui9n,propaganda,ExtHD,1637021746000,link,oneworld.press,The US’ Ethiopian Evacuation Call Is A Pro-TPLF Plot To Provoke Panic,2,0,http://oneworld.press/?module=articles&action=view&id=2315,https://old.reddit.com/r/propaganda/comments/quui9n/the_us_ethiopian_evacuation_call_is_a_protplf/
False,thing_t3_qujwds,propaganda,SpencerSny,1636992734000,video,youtube.com,VOX Supports Dairy Industry with Native Advertising,4,0,https://www.youtube.com/watch?v=x3y3QQmYKj0,https://old.reddit.com/r/propaganda/comments/qujwds/vox_supports_dairy_industry_with_native/
False,thing_t3_qukats,propaganda,SpencerSny,1636993821000,video,youtube.com,VOX Supports Dairy Industry with Native Advertising,3,0,https://www.youtube.com/watch?v=x3y3QQmYKj0,https://old.reddit.com/r/propaganda/comments/qukats/vox_supports_dairy_industry_with_native/
False,thing_t3_qu63l9,propaganda,ExtHD,1636944154000,link,journalposts.com,"Ben & Jerry’s blasted for spreading misinformation about Kyle Rittenhouse, inventing hypothetical situation to carry race into the case",13,20,https://www.journalposts.com/ben-jerrys-blasted-for-spreading-misinformation-about-kyle-rittenhouse-inventing-hypothetical-scenario-to-bring-race-into-the-case/,https://old.reddit.com/r/propaganda/comments/qu63l9/ben_jerrys_blasted_for_spreading_misinformation/
False,thing_t3_qu14cp,propaganda,ExtHD,1636928637000,link,caitlinjohnstone.com,"Call It The Department Of Aggression, Not ‘Defense’ - Most of what consumes human attention is narrative; stories about what’s happening, which can be easily manipulated by the powerful.",3,0,https://caitlinjohnstone.com/2021/11/13/call-it-the-department-of-aggression-not-defense-notes-from-the-edge-of-the-narrative-matrix/,https://old.reddit.com/r/propaganda/comments/qu14cp/call_it_the_department_of_aggression_not_defense/
False,thing_t3_qu4qkq,propaganda,ExtHD,1636939750000,link,donsurber.blogspot.com,Media sacrifices Rittenhouse at altar of its lies,0,1,https://donsurber.blogspot.com/2021/11/media-sacrifices-rittenhouse-at-altar.html,https://old.reddit.com/r/propaganda/comments/qu4qkq/media_sacrifices_rittenhouse_at_altar_of_its_lies/
False,thing_t3_qso5d9,propaganda,ExtHD,1636760792000,link,news.antiwar.com,Report: US Officials Claim Russia Might Invade Ukraine - The report cited unnamed people “familiar with the matter” and made it clear the US did not have information to back up its claim.,6,4,https://news.antiwar.com/2021/11/11/report-us-officials-claim-russia-might-invade-ukraine/,https://old.reddit.com/r/propaganda/comments/qso5d9/report_us_officials_claim_russia_might_invade/
False,thing_t3_qsgbvy,propaganda,Just_Smith,1636738407000,link,thoughtmaybe.com,Adam Curtis' documentaries are available for free on ThoughtMaybe.com,10,5,https://thoughtmaybe.com/by/adam-curtis/,https://old.reddit.com/r/propaganda/comments/qsgbvy/adam_curtis_documentaries_are_available_for_free/
False,thing_t3_qsbfc1,propaganda,Just_Smith,1636724526000,text,,Let's clean up this sub,17,17,,https://old.reddit.com/r/propaganda/comments/qsbfc1/lets_clean_up_this_sub/
False,thing_t3_qsn5gv,propaganda,ExtHD,1636757808000,link,politicsandinsights.org,"Repost... so you can tell which users here don't want Western propaganda exposed: How Covert Agents Infiltrate the Internet to Manipulate, Deceive, and Destroy Reputations",2,7,https://politicsandinsights.org/2015/06/26/how-covert-agents-infiltrate-the-internet-to-manipulate-deceive-and-destroy-reputations-glenn-greenwald/,https://old.reddit.com/r/propaganda/comments/qsn5gv/repost_so_you_can_tell_which_users_here_dont_want/
False,thing_t3_qryymf,propaganda,TrueFreedomForAll,1636676535000,link,np.reddit.com,The Rittenhouse trial is redpilling those previously unaware of how manipulative the media is,1,5,https://np.reddit.com/r/conspiracy/comments/qr80nv/the_rittenhouse_trial_is_redpilling_those/,https://old.reddit.com/r/propaganda/comments/qryymf/the_rittenhouse_trial_is_redpilling_those/
False,thing_t3_qrtfw9,propaganda,IntnsRed,1636660300000,link,responsiblestatecraft.org,Politico’s defense industry funded newsletter hypes banal news about China’s military | Beijing built a base for some of their nuclear weapons we already knew about and apparently that’s a big scoop.,3,0,https://responsiblestatecraft.org/2021/11/09/politicos-defense-industry-funded-newsletter-hypes-banal-news-about-chinas-military/,https://old.reddit.com/r/propaganda/comments/qrtfw9/politicos_defense_industry_funded_newsletter/
False,thing_t3_qrydyo,propaganda,IntnsRed,1636674711000,link,caitlinjohnstone.com,"Bloomberg CIA Apologia Accidentally Vindicates China’s Strict Domestic Policies | In promoting the CIA’s new center focused on China and to pour more resources into countering Beijing, Bloomberg also makes the case that many of the Chinese gov't’s controversial policies are justified and necessary",1,0,https://caitlinjohnstone.com/2021/11/11/bloomberg-cia-apologia-accidentally-vindicates-chinas-strict-domestic-policies/,https://old.reddit.com/r/propaganda/comments/qrydyo/bloomberg_cia_apologia_accidentally_vindicates/
False,thing_t3_qr8h6x,propaganda,ExtHD,1636590697000,link,news.grabien.com,"Media: 'Why Do Reporting When We Already Know Rittenhouse Is a Terrorist?' - Yet again, the media has been caught pushing a politically driven false narrative that fails to align with reality.",12,8,https://news.grabien.com/story-media-why-do-reporting-when-we-already-know-rittenhouse-terr,https://old.reddit.com/r/propaganda/comments/qr8h6x/media_why_do_reporting_when_we_already_know/
False,thing_t3_qrwq3s,propaganda,ExtHD,1636669601000,link,news.grabien.com,Media Go to War Against Aaron Rodgers for Defying Covid Groupthink,0,2,https://news.grabien.com/story-media-go-war-against-aaron-rodgers-defying-covid-groupthink,https://old.reddit.com/r/propaganda/comments/qrwq3s/media_go_to_war_against_aaron_rodgers_for_defying/
False,thing_t3_qr16ni,propaganda,dunkin1980,1636569973000,video,youtube.com,The Only People Lying More Than Gaige Are the Media | The Propaganda Factory Works Overtime,1,2,https://www.youtube.com/watch?v=PpuUPtdtXxo,https://old.reddit.com/r/propaganda/comments/qr16ni/the_only_people_lying_more_than_gaige_are_the/
False,thing_t3_qqgzim,propaganda,ExtHD,1636502543000,link,nationandstate.com,"MSNBC Goes Full Clowntard: Gaslights That Inflation Is A “Good Thing”, Deletes Tweet After Angry Backlash",19,13,https://www.nationandstate.com/2021/11/08/msnbc-goes-full-clowntard-gaslights-that-inflation-is-a-good-thing-deletes-tweet-after-angry-backlash/,https://old.reddit.com/r/propaganda/comments/qqgzim/msnbc_goes_full_clowntard_gaslights_that/
False,thing_t3_qr15o7,propaganda,dunkin1980,1636569899000,video,youtu.be,"Google ""Can Men Menstruate"" and Follow the 'Science'",0,3,https://youtu.be/SJaJjMkb7uI,https://old.reddit.com/r/propaganda/comments/qr15o7/google_can_men_menstruate_and_follow_the_science/
False,thing_t3_qq71z9,propaganda,n5tonhf,1636474413000,video,youtube.com,Epstein Suicide Misinfo,9,1,https://www.youtube.com/watch?v=R8KBlC61lHQ,https://old.reddit.com/r/propaganda/comments/qq71z9/epstein_suicide_misinfo/
False,thing_t3_qq30p4,propaganda,john4peace,1636462325000,video,youtube.com,CAUGHT: NBC's Outrageous Lies About Covid & Child Vaxx,5,2,https://www.youtube.com/watch?v=At-BI1KAUJw,https://old.reddit.com/r/propaganda/comments/qq30p4/caught_nbcs_outrageous_lies_about_covid_child_vaxx/
False,thing_t3_qpw2v2,propaganda,seahorsemafia,1636433298000,link,old.reddit.com,"Here is a graph showing search popularity for Mr Potato Head, CRT, and Ivermectin. Right wing outrage media is a crypto pump and dump scam.",5,12,https://www.reddit.com/gallery/qpw2v2,https://old.reddit.com/r/propaganda/comments/qpw2v2/here_is_a_graph_showing_search_popularity_for_mr/
False,thing_t3_qplyw3,propaganda,ExtHD,1636402102000,link,dissidentvoice.org,Western Media Demonization of Africa - 'Manufacturing Hate': A Book Review,5,3,https://dissidentvoice.org/2021/11/western-media-demonization-of-africa/,https://old.reddit.com/r/propaganda/comments/qplyw3/western_media_demonization_of_africa/
